data_hora,autoriza_coleta,faixa_etaria,genero,escolaridade,area_conhecimento,regiao_df,trajeto,habilidade_tecnologia,frequencia_moovit,motivo_locomocao,tipo_transporte_moovit,tipo_informacao_importante_moovit,teve_problema_cronometragem_moovit,problema_precisao_grade_horaria_moovit,aplicacao_atende_necessidades,recomendou_moovit,nielsen_1_visibilidade_status,O aplicativo Moovit exibe informações claras sobre a disponibilidade e o tempo de espera dos meios de transporte público?,nielsen_7_eficiencia_eficacia,nielsen_2_correspondencia_mundo_real,nielsen_3_controle_liberdade,nielsen_7_eficiencia_flexibilidade,nielsen_4_consistencia_padronizacao,nielsen_6_reconhecimento,nielsen_5_prevencao,nielsen_6_reconhecimento,O Moovit fornece opções para personalizar as configurações e as rotas com base nas preferências do usuário?,Você consegue encontrar rotas que você utiliza com mais frequência com maior facilidade?,Como você classificaria o visual do Moovit?,"Quão rápido você consegue reconhecer, entender e resolver um problema no aplicativo?",Quão rápido você consegue encontrar uma ajuda ou documentação do aplicativo?,Você já perdeu o horário ou se atrasou por não entender as informações do aplicativo?,
14/06/2023 17:54:38,Concordo.,Entre 15 e 18 anos,Masculino,Superior Incompleto,Engenharias,Jardim Botânico,"Jb- pp, pp-jb",5,Nunca,,,,,,,,,,,,,,,,,,,,,,,,
14/06/2023 17:57:18,Concordo.,Entre 15 e 18 anos,Masculino,Superior Incompleto,Engenharias,Taguatinga,,1,Diariamente,Estudo,Ônibus,Horários de transporte,Sim,Sim,Sim,Sim,Não,Talvez,Sim,Talvez,Sim,Não,Talvez,Sim,Não,Não,Não,4,3,4,2,Sim,
14/06/2023 17:57:21,Concordo.,Entre 19 e 22 anos,Masculino,Superior Incompleto,Engenharias,Taguatinga,"Taguatinga <-> Gama, Taguatinga <-> Ceilândia",4,Diariamente,Estudo,Ônibus,Tempo de espera,Sim,Sim,Talvez,Sim,Não,Talvez,Talvez,Sim,Não,Sim,Talvez,Não,Não,Não,Sim,3,4,3,2,Sim,
14/06/2023 17:58:20,Concordo.,Entre 19 e 22 anos,Feminino,Superior Incompleto,"Linguística, Letras e Artes",Plano Piloto,"Trajetos na asa norte, como por exemplo, onibus que passam na unb,l2 e etc",4,Semanalmente,Estudo,Ônibus,Quais onibus pegar,Sim,Não,Sim,Sim,Talvez,Sim,Não,Sim,Não,Não,Sim,Sim,Não,Não,Não,4,5,4,4,Sim,
14/06/2023 17:58:26,Concordo.,Entre 15 e 18 anos,Masculino,Médio Incompleto/Completo,,Gama,Gama ao plano,4,Poucas vezes,Trabalho,Ônibus,Rotas mais rápidas,Não,Não,Sim,Não,Sim,Sim,Não,Sim,Não,Não,Sim,Sim,Não,Não,Sim,5,5,5,3,Não,
14/06/2023 17:58:52,Concordo.,Entre 15 e 18 anos,Masculino,Superior Incompleto,Engenharias,Planaltina,"Planaltina <-> Plano Piloto, Plano Piloto <-> Gama",3,Semanalmente,Estudo,Ônibus,Horários de transporte,Sim,Não,Talvez,Não,Sim,Sim,Não,Talvez,Não,Não,Sim,Talvez,Não,Não,Sim,5,4,4,3,Sim,
14/06/2023 18:00:16,Concordo.,Entre 19 e 22 anos,Masculino,Superior Incompleto,Engenharias,Águas Claras,Águas Claras - Gama,4,Diariamente,Estudo,Ônibus,Tempo de espera,Sim,Sim,Talvez,Sim,Talvez,Talvez,Sim,Sim,Sim,Não,Não,Sim,Sim,Não,Sim,3,2,3,2,Não,
14/06/2023 18:00:21,Concordo.,Mais de 30 anos,Feminino,Superior Completo,Engenharias,Taguatinga,"Taguatinga -Gama, Gama-Taguatinga",1,Semanalmente,Estudo,Ônibus,Tempo de espera,Sim,Não,Sim,Sim,Sim,Sim,Não,Sim,Não,Sim,Sim,Não,Não,Não,Talvez,5,3,4,4,Não,
14/06/2023 18:00:25,Concordo.,Entre 19 e 22 anos,Masculino,Superior Incompleto,Engenharias,Cruzeiro,Cruzeiro <-> w3 Sul <-> Gama,2,Diariamente,Estudo,Ônibus,Rotas mais rápidas,Sim,Sim,Talvez,Sim,Não,Não,Talvez,Talvez,Não,Sim,Talvez,Não,Não,Sim,Sim,3,1,2,2,Sim,
14/06/2023 18:01:26,Concordo.,Entre 19 e 22 anos,Não binário ,Superior Incompleto,"Linguística, Letras e Artes",Guará,"Guará <-> Universidade de Brasília, Guará <-> Plano Piloto, Guará <-> Pistão Sul ",4,Diariamente,Estudo,Ônibus,Horários de transporte,Sim,Sim,Não,Sim,Sim,Não,Sim,Sim,Não,Sim,Sim,Não,Sim,Sim,Sim,3,3,2,3,Sim,
14/06/2023 18:01:40,Concordo.,Entre 23 e 26 anos,Masculino,Superior Incompleto,Engenharias,São Sebastião,São Sebastião <-> Plano Piloto <-> Gama,5,Semanalmente,Estudo,Ônibus,Horários de transporte,Sim,Sim,Não,Sim,Sim,Talvez,Talvez,Talvez,Não,Não,Não,Talvez,Talvez,Não,Talvez,5,3,4,3,Sim,
14/06/2023 18:02:44,Concordo.,Entre 19 e 22 anos,Feminino,Superior Incompleto,Engenharias,Gama,Gama <-> Asa Norte,5,Diariamente,Trabalho,Ônibus,Horários de transporte,Não,Sim,Sim,Sim,Sim,Sim,Não,Talvez,Não,Não,Sim,Sim,Não,Não,Não,5,5,5,3,Não,
14/06/2023 18:03:13,Concordo.,Entre 15 e 18 anos,Masculino,Superior Incompleto,Ciências Exatas e da Terra,Ceilândia,"Ceilândia -> Gama, Gama -> Ceilândia",5,Diariamente,Estudo,Ônibus,Tempo de espera,Sim,Sim,Talvez,Sim,Sim,Sim,Não,Sim,Não,Sim,Sim,Sim,Não,Não,Sim,4,4,4,2,Não,
14/06/2023 18:03:28,Concordo.,Entre 23 e 26 anos,Masculino,Superior Incompleto,Engenharias,Gama,"Gama -> plano piloto, Gama -> UnB FGA",5,Diariamente,Estudo,Ônibus,Horários de transporte,Sim,Sim,Sim,Sim,Talvez,Sim,Sim,Sim,Sim,Não,Sim,Sim,Não,Não,Sim,5,4,3,3,Não,
14/06/2023 18:05:51,Concordo.,Entre 19 e 22 anos,Feminino,Médio Incompleto/Completo,,Vicente Pires,Vicente Pires > Ceilândia; Ceilândia > Guará,2,Diariamente,Trabalho,Ônibus,Horários de transporte,Sim,Sim,Talvez,Sim,Sim,Talvez,Não,Sim,Não,Não,Talvez,Sim,Não,Não,Não,3,3,5,5,Sim,.
14/06/2023 18:05:56,Concordo.,Entre 19 e 22 anos,Feminino,Médio Incompleto/Completo,,Sobradinho,"Sobradinho-> UnB UnB -> rodoviária -> sobradinho Sobradinho -> plano piloto",1,Diariamente,Estudo,Ônibus,Horários de transporte,Sim,Sim,Sim,Sim,Não,Sim,Sim,Sim,Não,Não,Não,Não,Não,Sim,Não,2,1,1,1,Sim,
14/06/2023 18:06:45,Concordo.,Entre 19 e 22 anos,Masculino,Superior Incompleto,Engenharias,Taguatinga,Taguatinga <-> Gama,4,Diariamente,Estudo,Ônibus,Horários de transporte,Sim,Sim,Sim,Sim,Sim,Sim,Não,Sim,Sim,Sim,Sim,Talvez,Não,Não,Sim,5,5,4,3,Não,
14/06/2023 18:07:34,Concordo.,Entre 15 e 18 anos,Feminino,Superior Incompleto,Ciências Humanas,Brazlândia,"Brazlândia → Taguatinga, Taguatinga → Plano Piloto, Brazlândia → Plano Piloto ",4,Diariamente,Estudo,Ônibus,Rotas mais rápidas,Sim,Não,Sim,Sim,Sim,Sim,Não,Sim,Sim,Sim,Sim,Sim,Não,Sim,Sim,5,4,5,3,Não,
14/06/2023 18:09:50,Concordo.,Entre 15 e 18 anos,Masculino,Superior Incompleto,Engenharias,Taguatinga,Taguatinga <-> gama ,5,Diariamente,Estudo,Ônibus,Tempo de espera,Sim,Não,Sim,Sim,Sim,Sim,Não,Sim,Não,Não,Sim,Não,Não,Não,Não,5,4,4,3,Não,
14/06/2023 18:11:08,Concordo.,Entre 19 e 22 anos,Masculino,Superior Incompleto,Engenharias,Taguatinga,Taguatinga Norte <-> Gama (UnB),5,Diariamente,Estudo,Ônibus,Tempo de espera,Sim,Sim,Talvez,Sim,Sim,Sim,Talvez,Sim,Não,Não,Sim,Não,Não,Não,Não,3,4,4,3,Não,
14/06/2023 18:14:25,Concordo.,Entre 15 e 18 anos,Masculino,Superior Incompleto,Engenharias,Guará,Guará -> Gama,5,Semanalmente,Estudo,Ônibus,Rotas mais rápidas,Sim,Sim,Talvez,Não,Não,Sim,Sim,Sim,Sim,Sim,Sim,Sim,Não,Talvez,Não,5,4,4,3,Sim,
14/06/2023 18:16:20,Concordo.,Entre 15 e 18 anos,Feminino,Médio Incompleto/Completo,,Águas Claras,"Águas Claras > Plano Piloto, Plano Piloto > Águas Claras",2,Diariamente,Estudo,Ônibus,Tempo de espera,Não,Sim,Talvez,Sim,Sim,Talvez,Sim,Sim,Não,Sim,Talvez,Sim,Não,Não,Sim,4,3,2,3,Sim,
14/06/2023 18:16:30,Concordo.,Entre 19 e 22 anos,Masculino,Superior Incompleto,Engenharias,Guará,Guará <-> Gama,5,Diariamente,Estudo,Ônibus,Tempo de espera,Sim,Sim,Sim,Sim,Sim,Sim,Não,Sim,Não,Sim,Sim,Sim,Não,Sim,Sim,3,4,5,5,Não,Alguns ônibus como o 322.1 não aparecem a localização em tempo real e isso atrapalha muito a rota.
14/06/2023 18:18:00,Concordo.,Entre 19 e 22 anos,Masculino,Superior Incompleto,Engenharias,Não resido no Distrito Federal,Ocidental-> Gama,5,Diariamente,Trabalho,Ônibus,Horários de transporte,Sim,Sim,Talvez,Sim,Sim,Sim,Talvez,Sim,Não,Não,Sim,Sim,Não,Não,Talvez,5,4,4,3,Não,
14/06/2023 18:18:17,Concordo.,Entre 19 e 22 anos,Feminino,Superior Incompleto,"Linguística, Letras e Artes",Não resido no Distrito Federal,,3,Poucas vezes,Estudo,Ônibus,Tempo de espera,Sim,Sim,Talvez,Não,Sim,Talvez,Não,Talvez,Não,Não,Talvez,Talvez,Talvez,Sim,Talvez,3,3,3,3,Sim,
14/06/2023 18:19:25,Concordo.,Entre 15 e 18 anos,Feminino,Superior Incompleto,Engenharias,Gama,"Gama Leste -> Gama (FGA), Gama (FGA) <-> Gama Leste",5,Diariamente,Estudo,Ônibus,Tempo de espera,Não,Sim,Sim,Sim,Sim,Sim,Não,Sim,Não,Não,Sim,Sim,Não,Não,Sim,4,5,4,4,Não,
14/06/2023 18:19:51,Concordo.,Entre 19 e 22 anos,Masculino,Superior Incompleto,Engenharias,Plano Piloto,"Plano piloto <-> gama, plano piloto <->guará",4,Semanalmente,Estudo,Ônibus,Horários de transporte,Sim,Não,Talvez,Sim,Sim,Sim,Sim,Sim,Não,Sim,Sim,Talvez,Talvez,Não,Sim,3,2,4,3,Não,
14/06/2023 18:20:18,Concordo.,Entre 15 e 18 anos,Feminino,Médio Incompleto/Completo,,Gama,Circular ,5,Semanalmente,Estudo,Ônibus,Tempo de espera,Sim,Não,Sim,Sim,Não,Sim,Não,Talvez,Sim,Não,Sim,Sim,Não,Não,Talvez,5,3,4,3,Não,
14/06/2023 18:23:39,Concordo.,Entre 15 e 18 anos,Feminino,Médio Incompleto/Completo,,Ceilândia,Ceilandia Norte > Taguatinga Norte > Comercial Norte > Pistão Norte > Pistão Sul,4,Diariamente,Estudo,Ônibus,Rotas mais rápidas,Sim,Sim,Talvez,Sim,Sim,Talvez,Não,Sim,Não,Não,Sim,Sim,Talvez,Não,Sim,4,3,4,3,Não,
14/06/2023 18:26:22,Concordo.,Entre 15 e 18 anos,Feminino,Superior Incompleto,Engenharias,Águas Claras,"Águas claras-> Taguatinga, Taguatinga-> gama",4,Diariamente,Estudo,Ônibus,Horários de transporte,Sim,Sim,Talvez,Sim,Sim,Talvez,Sim,Sim,Não,Sim,Sim,Sim,Não,Sim,Talvez,5,4,3,3,Sim,
14/06/2023 18:26:37,Concordo.,Entre 23 e 26 anos,Feminino,Superior Incompleto,"Linguística, Letras e Artes",Ceilândia,Ceilândia -> Plano Piloto e vice-versa.,1,Diariamente,Trabalho,Ônibus,Horários de transporte,Não,Sim,Sim,Sim,Sim,Sim,Sim,Sim,Sim,Não,Sim,Sim,Não,Sim,Não,5,4,4,4,Sim,
14/06/2023 18:29:47,Concordo.,Entre 15 e 18 anos,Feminino,Superior Incompleto,Engenharias,Jardim Botânico,"Jardins Mangueiral <-> Plano Piloto, Plano Piloto <-> UnB",4,Semanalmente,Estudo,Ônibus,Horários de transporte,Não,Não,Sim,Sim,Não,Não,Sim,Talvez,Sim,Não,Sim,Sim,Talvez,Não,Sim,4,4,4,3,Sim,
14/06/2023 18:30:45,Concordo.,Entre 19 e 22 anos,Masculino,Superior Incompleto,Engenharias,Itapoã,Itapoã <-> Asa Norte e Itapoã<-> Gama,1,Semanalmente,Estudo,Ônibus,Horários de transporte,Sim,Sim,Sim,Sim,Sim,Sim,Não,Sim,Sim,Sim,Sim,Sim,Não,Não,Talvez,5,3,4,2,Não,"Favor adicionar uma opção para que o usuário recuse a opção de assinar o Moovit +. Exibir um pop-up toda ou quase toda vez que o app é aberto contribui para a poluição da versão gratuita. Em vez disso, apenas abra o anúncio... Se torna algo mais direto e diminui a chateação de quem não tem interesse em assinar o plano Premium do app."
14/06/2023 18:34:20,Concordo.,Entre 23 e 26 anos,Feminino,Médio Incompleto/Completo,,Gama,Gama <-> Plano Piloto ,5,Diariamente,Trabalho,Ônibus,Horários de transporte,Sim,Sim,Sim,Sim,Não,Não,Sim,Sim,Não,Sim,Sim,Sim,Não,Sim,Não,4,3,5,3,Sim,
14/06/2023 18:37:18,Concordo.,Entre 23 e 26 anos,Masculino,Superior Incompleto,Engenharias,Vicente Pires,"Vicente Pires <-> Plano Piloto, Plano Piloto <-> Gama. ",5,Diariamente,Estudo,Ônibus,Horários de transporte,Não,Sim,Talvez,Sim,Sim,Talvez,Não,Não,Não,Sim,Talvez,Talvez,Não,Não,Talvez,5,4,5,4,Não,
14/06/2023 18:38:08,Concordo.,Entre 19 e 22 anos,Masculino,Superior Incompleto,Ciências Exatas e da Terra,Paranoá,"Paranoá - > Plano Piloto - - > Gama Paranoá - >W3 Sul Paranoá - > L2 Norte",4,Semanalmente,Estudo,Ônibus,Horários de transporte,Sim,Sim,Sim,Sim,Talvez,Talvez,Não,Não,Não,Não,Sim,Sim,Não,Não,Sim,4,4,5,4,Não,
14/06/2023 18:38:43,Concordo.,Entre 15 e 18 anos,Feminino,Superior Incompleto,Engenharias,Gama,Gama <--> Asa Norte,5,Diariamente,Estudo,Ônibus,Horários de transporte,Não,Não,Sim,Sim,Talvez,Sim,Talvez,Sim,Não,Sim,Sim,Sim,Não,Não,Sim,5,4,4,3,Não,
14/06/2023 18:39:31,Concordo.,Entre 15 e 18 anos,Feminino,Superior Incompleto,Engenharias,Ceilândia,Ceilândia <-> Gama,5,Diariamente,Estudo,Ônibus,Horários de transporte,Não,Sim,Talvez,Sim,Sim,Talvez,Sim,Sim,Talvez,Sim,Sim,Sim,Talvez,Não,Talvez,4,4,4,3,Não,
14/06/2023 18:41:34,Concordo.,Entre 19 e 22 anos,Feminino,Superior Incompleto,Engenharias,Santa Maria,"Santa Maria <-> Gama, Santa Maria <-> Plano Piloto",1,Semanalmente,Estudo,Ônibus,Rotas mais rápidas,Sim,Não,Sim,Sim,Não,Sim,Não,Sim,Sim,Não,Talvez,Não,Não,Sim,Não,4,3,2,1,Sim,
14/06/2023 18:42:36,Concordo.,Entre 15 e 18 anos,Feminino,Médio Incompleto/Completo,,Não resido no Distrito Federal,Céu Azul <-> Plano Piloto ,5,Poucas vezes,Lazer,Ônibus,Horários de transporte,Sim,Sim,Sim,Sim,Sim,Sim,Talvez,Sim,Sim,Sim,Sim,Sim,Não,Talvez,Sim,5,5,3,4,Não,Melhorar os mapas por favor! Eles não são claros quando nós nos locomovemos.
14/06/2023 18:43:11,Concordo.,Entre 15 e 18 anos,Feminino,Superior Incompleto,Ciências Humanas,Ceilândia,"Ceilândia<-> Plano Ceilândia> Asa sul",1,Diariamente,Estudo,Ônibus,Horários de transporte,Sim,Sim,Talvez,Sim,Sim,Talvez,Sim,Talvez,Sim,Sim,Talvez,Não,Sim,Não,Sim,4,4,4,3,Sim,
14/06/2023 18:50:21,Concordo.,Entre 23 e 26 anos,Masculino,Superior Incompleto,Engenharias,Não resido no Distrito Federal,Gama oeste - BRT Gama,5,Diariamente,Estudo,Ônibus,Horários de transporte,Sim,Sim,Sim,Sim,Talvez,Sim,Sim,Sim,Sim,Não,Sim,Talvez,Não,Não,Sim,4,4,3,2,Sim,
14/06/2023 18:52:30,Concordo.,Entre 19 e 22 anos,Feminino,Superior Incompleto,Engenharias,Não resido no Distrito Federal,Santa Maria <-> Gama,1,Diariamente,Trabalho,Ônibus,Horários de transporte,Sim,Não,Sim,Sim,Sim,Sim,Não,Sim,Talvez,Não,Talvez,Sim,Não,Não,Não,5,5,5,3,Não,
14/06/2023 18:56:29,Concordo.,Entre 15 e 18 anos,Feminino,Médio Incompleto/Completo,,Riacho Fundo,Riacho Fundo -> Taguatinga -> Gama,5,Diariamente,Estudo,Ônibus,Tempo de espera,Sim,Sim,Talvez,Sim,Sim,Talvez,Não,Talvez,Não,Não,Sim,Talvez,Não,Não,Não,4,5,4,4,Não,
14/06/2023 18:58:48,Concordo.,Entre 23 e 26 anos,Masculino,Superior Incompleto,Engenharias,Riacho Fundo II,"Riacho Fundo II <-> Gama Riacho Fundo II <-> Taguatinga Riacho Fundo II <-> Asa Sul Asa Sul <-> Gama",1,Diariamente,Estudo,Ônibus,Tempo de espera,Sim,Não,Talvez,Sim,Não,Sim,Não,Sim,Sim,Sim,Sim,Talvez,Não,Não,Não,2,4,4,2,Não,O aplicativo costuma deixar de mostrar em tempo real um ônibus quando ele sai da rota programada. Às vezes só aconteceu um desvio e o ônibus que estava verde simplesmente some do app
14/06/2023 18:59:49,Concordo.,Entre 19 e 22 anos,Feminino,Superior Incompleto,Ciências Humanas,Santa Maria,Santa maria -> plano -> UnB <->,4,Diariamente,Estudo,Ônibus,Horários de transporte,Sim,Sim,Talvez,Sim,Talvez,Talvez,Não,Sim,Não,Não,Sim,Sim,Talvez,Talvez,Não,4,4,2,2,Não,Muita publicidade. Poderia mostrar a rota do ônibus de graça
14/06/2023 19:05:58,Concordo.,Entre 19 e 22 anos,Feminino,Superior Incompleto,Engenharias,Taguatinga,"gama -> Setor O, plano piloto -> Setor O",1,Diariamente,Estudo,Ônibus,Tempo de espera,Sim,Sim,Não,Não,Sim,Não,Não,Sim,Sim,Não,Sim,Não,Talvez,Não,Sim,3,2,3,3,Sim,
14/06/2023 19:09:15,Concordo.,Entre 15 e 18 anos,Masculino,Superior Incompleto,"Linguística, Letras e Artes",Taguatinga,Taguatinga Centro -> Asa Norte; Taguatinga Centro -> Vicente Pires; Taguatinga Centro -> Taguatinga Norte,1,Semanalmente,Estudo,Ônibus,Horários de transporte,Sim,Sim,Sim,Sim,Sim,Talvez,Sim,Sim,Não,Não,Talvez,Não,Não,Sim,Talvez,3,1,3,3,Não,"O design é bem ruim mesmo. Há muitas informações juntas, é difícil de identificar o que é o quê. Frequentemente confundo o tempo de chegada dos ônibus com o horário em que chegarei no meu destino, por exemplo."
14/06/2023 19:10:52,Concordo.,Entre 15 e 18 anos,Feminino,Superior Incompleto,Engenharias,Samambaia,"Samambaia<-> gama<-> águas claras <-> Taguatinga", 1,Diariamente,Estudo,Ônibus,Tempo de espera,Sim,Sim,Sim,Sim,Sim,Sim,Não,Sim,Não,Não,Sim,Sim,Não,Não,Sim,5,3,4,3,Não,
14/06/2023 19:17:51,Concordo.,Entre 19 e 22 anos,Masculino,Superior Incompleto,Engenharias,Não resido no Distrito Federal,Santo Antônio <-> BR-060 <-> UnB-Gama,1,Diariamente,Estudo,Ônibus,Tempo de espera,Sim,Sim,Sim,Sim,Sim,Sim,Sim,Sim,Sim,Não,Talvez,Sim,Não,Talvez,Não,4,3,4,2,Não,
14/06/2023 19:18:03,Concordo.,Entre 23 e 26 anos,Feminino,Superior Incompleto,Engenharias,Vicente Pires,Vicente Pires <-> Taguatinga <-> Gama <-> Plano <-> Guará,5,Diariamente,Estudo,Ônibus,Tempo de espera,Sim,Sim,Talvez,Sim,Sim,Sim,Não,Sim,Sim,Não,Sim,Talvez,Não,Não,Sim,2,3,5,2,Não,
14/06/2023 19:19:39,Concordo.,Entre 23 e 26 anos,Masculino,Superior Incompleto,Engenharias,Gama,Apenas no Gama,5,Diariamente,Estudo,Ônibus,Rotas mais rápidas,Sim,Sim,Sim,Sim,Sim,Sim,Não,Sim,Sim,Sim,Sim,Sim,Não,Sim,Não,5,4,4,3,Sim,"Tenho muita facilidade com o Moovit hoje, mas quando comecei a usa-lo em 2018 tive bastante dificuldade, e só consegui entender as funcionalidades dele ao ver outras pessoas usando"
14/06/2023 19:19:48,Concordo.,Entre 15 e 18 anos,Masculino,Superior Incompleto,Engenharias,Samambaia,samambaia <->gama,1,Semanalmente,Estudo,Ônibus,Horários de transporte,Sim,Sim,Talvez,Sim,Sim,Talvez,Não,Talvez,Sim,Não,Talvez,Sim,Não,Talvez,Sim,3,3,3,2,Sim,é mais ajustar o tempo certo dos baús e rotas mais precisas baseado na preferência do usuário
14/06/2023 19:21:21,Concordo.,Entre 19 e 22 anos,Feminino,Superior Incompleto,Engenharias,Gama,Gama - Plano Piloto,4,Diariamente,Estudo,Ônibus,Tempo de espera,Sim,Sim,Talvez,Sim,Não,Sim,Sim,Sim,Não,Não,Sim,Sim,Talvez,Não,Sim,5,3,4,4,Não,
14/06/2023 19:21:50,Concordo.,Entre 23 e 26 anos,Masculino,Superior Incompleto,Engenharias,Taguatinga,Taguatinga→Gama; Taguatinga→plano piloto; Taguatinga→águas claras; Taguatinga→Ceilândia; plano piloto→Taguatinga; Gama →Taguatinga,5,Diariamente,Estudo,Ônibus,Horários de transporte,Sim,Sim,Sim,Sim,Sim,Sim,Não,Sim,Não,Não,Sim,Sim,Talvez,Não,Talvez,2,4,3,4,Não,
14/06/2023 19:22:56,Concordo.,Entre 15 e 18 anos,Masculino,Superior Incompleto,Engenharias,Candangolândia,"Candangolandia-taguatinga Candangolandia-asa sul",5,Diariamente,Estudo,Ônibus,Horários de transporte,Sim,Sim,Sim,Sim,Sim,Sim,Não,Sim,Não,Sim,Sim,Sim,Sim,Não,Sim,4,4,4,3,Não,Nem sempre o horário de passar o ônibus que está no app condiz com a realidade e preciso espsrar mais 30min pelo ônibus da linha
14/06/2023 19:23:01,Concordo.,Entre 19 e 22 anos,Masculino,Médio Incompleto/Completo,,Guará,Guará -> Taguatinga centro -> Gama,5,Diariamente,Estudo,Ônibus,Horário que o ônibus passa e quanto tempo falta pra passar,Sim,Sim,Sim,Sim,Sim,Sim,Não,Sim,Não,Não,Sim,Sim,Não,Não,Talvez,4,5,4,4,Não,
14/06/2023 19:24:17,Concordo.,Entre 19 e 22 anos,Feminino,Superior Incompleto,Engenharias,Taguatinga,Taguatinga<->Gama,4,Diariamente,Estudo,Ônibus,Horários de transporte,Sim,Sim,Talvez,Não,Sim,Talvez,Não,Sim,Não,Não,Sim,Sim,Não,Não,Sim,5,3,3,5,Sim,
14/06/2023 19:26:14,Concordo.,Entre 19 e 22 anos,Feminino,Superior Incompleto,Ciências Exatas e da Terra,Recanto das Emas,"Recanto > Gama, Gama > Recanto, Recanto > Taguatinga, Gama > Plano",1,Diariamente,Estudo,Ônibus,Horários de transporte,Sim,Sim,Sim,Sim,Sim,Sim,Talvez,Sim,Sim,Não,Sim,Sim,Talvez,Não,Talvez,5,5,5,4,Não,
14/06/2023 19:27:46,Concordo.,Entre 19 e 22 anos,Masculino,Superior Incompleto,Engenharias,Taguatinga,Taguatinga <-> Gama,4,Diariamente,Estudo,Ônibus,Tempo de espera,Sim,Sim,Sim,Sim,Talvez,Sim,Sim,Talvez,Sim,Não,Sim,Sim,Talvez,Não,Sim,4,4,3,3,Sim,
14/06/2023 19:27:47,Concordo.,Entre 19 e 22 anos,Masculino,Médio Incompleto/Completo,,Taguatinga,"Taguatinga(m norte) -> gama, gama -> águas claras ",1,Diariamente,Estudo,Ônibus,Horários de transporte,Sim,Sim,Talvez,Sim,Sim,Talvez,Não,Sim,Não,Não,Sim,Sim,Não,Não,Não,4,3,3,2,Não,
14/06/2023 19:32:22,Concordo.,Entre 19 e 22 anos,Masculino,Superior Incompleto,Engenharias,Varjão,"varjao -> rodoviaria PP -> gama gama -> rodoviaria PP -> varjao",5,Poucas vezes,Estudo,Ônibus,Rotas mais rápidas,Sim,Sim,Talvez,Sim,Sim,Sim,Sim,Sim,Sim,Sim,Sim,Sim,Não,Não,Talvez,5,4,4,2,Não,
14/06/2023 19:32:36,Concordo.,Entre 23 e 26 anos,Feminino,Superior Completo,Ciências Humanas,Riacho Fundo II,Plano Piloto ,5,Diariamente,Trabalho,Ônibus,Horários de transporte,Sim,Sim,Sim,Sim,Sim,Talvez,Sim,Talvez,Sim,Sim,Talvez,Não,Sim,Não,Sim,5,1,1,1,Sim,
14/06/2023 19:34:15,Concordo.,Entre 19 e 22 anos,Masculino,Superior Incompleto,Ciências Exatas e da Terra,Taguatinga,Taguatinga<-> Gama,5,Diariamente,Estudo,Ônibus,Tempo de espera,Sim,Sim,Sim,Sim,Sim,Talvez,Sim,Sim,Sim,Não,Não,Sim,Não,Não,Não,5,2,3,1,Não,
14/06/2023 19:36:32,Concordo.,Entre 19 e 22 anos,Masculino,Superior Incompleto,Engenharias,Plano Piloto,Sudoeste para o Gama,2,Diariamente,Estudo,Ônibus,Rotas mais rápidas,Sim,Sim,Sim,Sim,Não,Sim,Talvez,Talvez,Não,Não,Sim,Sim,Não,Não,Sim,4,3,5,3,Sim,
14/06/2023 19:40:41,Concordo.,Entre 19 e 22 anos,Masculino,Superior Incompleto,Engenharias,Samambaia,"Samambaia<->Gama, Samambaia<->SCIA",5,Diariamente,Estudo,Ônibus,Horários de transporte,Sim,Sim,Sim,Sim,Não,Talvez,Sim,Talvez,Sim,Sim,Talvez,Sim,Não,Talvez,Não,3,4,2,3,Sim,
14/06/2023 19:41:15,Concordo.,Entre 19 e 22 anos,Masculino,Superior Incompleto,Engenharias,Guará,"Guará <-> Parkshopping <-> Gama Guará -> Parkshopping ->Gama -> Asa Sul -> Guará",1,Diariamente,Estudo,Ônibus,Horários de transporte,Sim,Sim,Talvez,Sim,Talvez,Sim,Sim,Sim,Não,Não,Sim,Sim,Não,Não,Sim,5,3,4,3,Não,
14/06/2023 19:41:51,Concordo.,Entre 19 e 22 anos,Feminino,Superior Incompleto,Ciências Sociais Aplicadas,Plano Piloto,Asa sul <-> Esplanada / Asa Sul <-> UnB,5,Diariamente,Trabalho,Ônibus,Horários de transporte,Não,Não,Sim,Sim,Não,Talvez,Talvez,Sim,Não,Não,Talvez,Sim,Não,Não,Não,5,5,4,3,Não,
14/06/2023 19:43:50,Concordo.,Entre 23 e 26 anos,Masculino,Médio Incompleto/Completo,,Guará,,5,Diariamente,Estudo,Ônibus,Tempo de espera,Sim,Sim,Sim,Sim,Não,Sim,Sim,Sim,Sim,Não,Sim,Sim,Não,Talvez,Não,3,5,1,1,Sim,"É difícil encontrar as opções de ônibus que irão sair dos box da rodoviária. Não encontro a lista de ônibus que sai da rodoviária, tenho que encontrar um ônibus em específico e ver o seu horário."
14/06/2023 19:50:11,Concordo.,Entre 23 e 26 anos,Feminino,Superior Incompleto,Ciências Humanas,Samambaia,"Samambaia <-> plano piloto, Samambaia <-> Paranoá, Paranoá <-> plano piloto, Samambaia sul <-> norte, Samambaia <-> Taguatinga ",4,Diariamente,Estudo,Ônibus,Horários de transporte,Sim,Sim,Sim,Sim,Não,Talvez,Sim,Sim,Sim,Não,Talvez,Não,Não,Talvez,Sim,4,3,3,1,Sim,
14/06/2023 20:01:36,Concordo.,Entre 19 e 22 anos,Feminino,Superior Incompleto,Ciências da Saúde,Riacho Fundo II,"Riacho 1 , riacho 2, ceilandia, Taguatinga ",4,Diariamente,Estudo,Ônibus,Tempo de espera,Sim,Sim,Sim,Sim,Talvez,Sim,Não,Sim,Não,Não,Sim,Sim,Não,Não,Não,4,4,3,3,Não,
14/06/2023 20:09:59,Concordo.,Entre 19 e 22 anos,Feminino,Médio Incompleto/Completo,,Águas Claras,"Águas claras> Darcy RibeiroDarcy Ribeiro< águas claras ",1,Poucas vezes,Estudo,Metrô,Horários de transporte,Sim,Sim,Não,Sim,Não,Não,Sim,Sim,Talvez,Não,Talvez,Sim,Não,Sim,Não,3,2,3,2,Sim,
14/06/2023 20:13:56,Concordo.,Entre 19 e 22 anos,Masculino,Superior Incompleto,Engenharias,Samambaia,"Samambaia <-> GamaSamambaia <-> Plano PilotoSamambaia <-> Águas ClarasSamambaia <-> Taguatinga",5,Diariamente,Estudo,Ônibus,Tempo de espera,Não,Sim,Sim,Sim,Talvez,Talvez,Não,Talvez,Sim,Não,Talvez,Talvez,Não,Talvez,Não,2,3,3,1,Não,
14/06/2023 20:16:33,Concordo.,Entre 19 e 22 anos,Feminino,Superior Incompleto,Engenharias,Cruzeiro,Cruzeiro <-> Gama,4,Diariamente,Estudo,Ônibus,Horários de transporte,Não,Sim,Sim,Sim,Talvez,Talvez,Não,Sim,Talvez,Sim,Sim,Sim,Talvez,Não,Talvez,5,5,4,5,Não,
14/06/2023 20:18:40,Concordo.,Entre 27 e 30 anos,Feminino,Superior Incompleto,Ciências da Saúde,Cruzeiro,Cruzeiro <-> UnB; Cruzeiro <-> W3 Sul,4,Diariamente,Estudo,Ônibus,Horários de transporte,Sim,Sim,Talvez,Não,Sim,Talvez,Não,Sim,Não,Sim,Sim,Talvez,Talvez,Talvez,Sim,5,5,3,2,Não,
14/06/2023 20:25:30,Concordo.,Entre 15 e 18 anos,Masculino,Superior Incompleto,Ciências Exatas e da Terra,Gama,Gama <-> Gama,2,Diariamente,Estudo,Ônibus,Tempo de espera,Sim,Sim,Talvez,Sim,Sim,Não,Sim,Talvez,Sim,Sim,Não,Sim,Sim,Não,Não,2,2,3,1,Sim,
14/06/2023 21:05:12,Concordo.,Entre 19 e 22 anos,Masculino,Superior Incompleto,Engenharias,Guará,"Guará -> Plano Piloto -> Gama, Gama -> Plano Piloto -> Guará ",4,Diariamente,Estudo,Ônibus,Horários de transporte,Não,Sim,Sim,Sim,Talvez,Sim,Sim,Sim,Sim,Sim,Sim,Sim,Não,Não,Não,4,4,3,3,Não,
14/06/2023 21:06:08,Concordo.,Entre 15 e 18 anos,Feminino,Médio Incompleto/Completo,,Paranoá,plano piloto<-> Paranoá ,3,Quase nunca,Trabalho,Ônibus,Horários de transporte,Não,Sim,Talvez,Não,Não,Sim,Talvez,Sim,Não,Sim,Talvez,Talvez,Talvez,Sim,Sim,2,3,3,2,Não,
14/06/2023 21:15:51,Concordo.,Entre 19 e 22 anos,Feminino,Superior Incompleto,Ciências Humanas,São Sebastião,Asa norte <-> São sebastião <-> Águas claras,5,Diariamente,todas as opções acima,Ônibus,Horários de transporte,Sim,Sim,Talvez,Sim,Sim,Talvez,Não,Sim,Não,Não,Sim,Sim,Não,Não,Talvez,5,4,4,3,Sim,"no formulário, seria interessante a opção de motivo da locomoção ser múltipla escolha "
14/06/2023 22:14:57,Concordo.,Entre 19 e 22 anos,Masculino,Superior Incompleto,Engenharias,Sobradinho,Sobradinho <-> Plano Piloto <-> Gama,5,Diariamente,Estudo,Ônibus,Precisão no horario,Sim,Sim,Sim,Não,Não,Talvez,Não,Sim,Talvez,Não,Talvez,Sim,Não,Não,Não,2,4,3,2,Sim,"Apesar de hoje o moovit ser um excelente aplicativo para encontrar rotas de transporte publico, ele tem alguns problemas que poderia ser facilmente resolvidos, como a falta de um botão ou função para atualizar. Fora isso, varios problemas que eu vejo no Moovit estão muito mais atrelados as empresas de onibus em si do que qualquer outra coisa, por exemplo, nem sempre aparece a localização em tempo real do ônibus, isso me prejudica muito ao pergar o transporte coletivo"
15/06/2023 00:28:03,Concordo.,Entre 19 e 22 anos,Feminino,Superior Incompleto,Ciências da Saúde,Paranoá,ir para o plano e de lá ir para outro local,5,Diariamente,Estudo,Ônibus,Horários de transporte,Sim,Sim,Talvez,Sim,Sim,Talvez,Não,Sim,Sim,Sim,Sim,Sim,Não,Não,Sim,5,5,4,3,Sim,
15/06/2023 02:18:06,Concordo.,Entre 15 e 18 anos,Masculino,Médio Incompleto/Completo,,Taguatinga,Taguatinga norte -> Taguatinga Sul,5,Diariamente,treino,Ônibus,Tempo de espera,Sim,Sim,Talvez,Sim,Sim,Sim,Não,Sim,Não,Sim,Sim,Sim,Talvez,Não,Talvez,5,4,5,4,Não,
15/06/2023 05:29:04,Concordo.,Entre 15 e 18 anos,Feminino,Superior Incompleto,Engenharias,Jardim Botânico,Jardim Botânico<-> Plano Piloto<-> Gama,4,Semanalmente,Estudo,Ônibus,Rotas mais rápidas,Sim,Sim,Sim,Não,Sim,Sim,Não,Sim,Não,Sim,Sim,Talvez,Talvez,Não,Sim,5,4,4,4,Não,"A maioria dos erros que tive com o aplicativo não foram realmente em relação à sua interface ou ao seu desenvolvimento. Todas as vezes, o problema estava nos ônibus, seja em uma greve ou em atrasos devido algum fator externo."
15/06/2023 05:47:29,Concordo.,Entre 19 e 22 anos,Prefiro não dizer,Superior Incompleto,Ciências Sociais Aplicadas,Ceilândia,Ceilândia -> Plano Piloto > Ceilândia,4,Diariamente,Estudo,Ônibus,Horários de transporte,Sim,Sim,Talvez,Não,Sim,Talvez,Sim,Sim,Não,Sim,Sim,Sim,Talvez,Não,Sim,4,3,4,2,Não,
15/06/2023 08:25:43,Não concordo.,,,,,,,,,,,,,,,,,,,,,,,,,,,,,,,,
15/06/2023 08:31:18,Concordo.,Mais de 30 anos,Masculino,Superior Completo,Ciências Sociais Aplicadas,Jardim Botânico,Jardim botânico -> plano piloto -> Jardim Botânico ,5,Semanalmente,Trabalho,Ônibus,Horários de transporte,Sim,Sim,Sim,Sim,Sim,Sim,Talvez,Sim,Não,Sim,Sim,Talvez,Talvez,Não,Talvez,4,4,4,4,Não,
15/06/2023 10:57:39,Concordo.,Entre 23 e 26 anos,Masculino,Superior Incompleto,Engenharias,Ceilândia,"Ceilandia < - > Gama, Ceilândia < - >Plano piloto, Ceilândia <-> Taguatinga ",5,Diariamente,Trabalho e estudo ,Ônibus,Tempo de espera,Não,Não,Sim,Sim,Talvez,Sim,Sim,Sim,Não,Não,Sim,Sim,Não,Não,Não,2,4,4,2,Não,
15/06/2023 11:05:25,Concordo.,Entre 19 e 22 anos,Masculino,Superior Incompleto,Engenharias,Samambaia,Samambaia <-> Gama,5,Diariamente,Estudo,Ônibus,Horários de transporte,Sim,Sim,Talvez,Sim,Sim,Talvez,Sim,Sim,Sim,Sim,Sim,Sim,Não,Não,Sim,5,4,4,4,Sim,
15/06/2023 11:49:12,Concordo.,Entre 23 e 26 anos,Masculino,Superior Incompleto,Engenharias,Recanto das Emas,"Recanto - gama Gama - recanto ",4,Diariamente,Estudo,Ônibus,Tempo de espera,Não,Sim,Talvez,Sim,Sim,Talvez,Talvez,Sim,Não,Não,Talvez,Sim,Não,Não,Talvez,3,4,5,4,Não,
15/06/2023 14:30:06,Concordo.,Entre 15 e 18 anos,Masculino,Médio Incompleto/Completo,,Santa Maria,"Santa Maria -> GamaSanta Maria -> Plano Piloto",5,Poucas vezes,Todas as opções,Ônibus,Horários de transporte,Sim,Sim,Sim,Sim,Sim,Sim,Não,Sim,Não,Sim,Sim,Talvez,Sim,Não,Sim,4,4,5,4,Não,
16/06/2023 08:52:49,Concordo.,Mais de 30 anos,Masculino,Médio Incompleto/Completo,,Taguatinga,"Taguatinga, plano piloto, unb, unb, plano piloto, taguatinga",2,Poucas vezes,Trabalho,Ônibus,Horários de transporte,Sim,Sim,Não,Não,Não,Não,Sim,Não,Sim,Não,Não,Não,Não,Sim,Talvez,1,2,1,1,Sim,
16/06/2023 09:53:55,Concordo.,Entre 15 e 18 anos,Masculino,Superior Incompleto,Engenharias,Guará,Guará -> Asa sul -> Gama,5,Diariamente,Estudo,Ônibus,Rotas mais rápidas,Não,Não,Sim,Sim,Não,Sim,Não,Sim,Não,Sim,Sim,Sim,Não,Não,Não,5,4,4,3,Não,
16/06/2023 10:16:49,Concordo.,Entre 23 e 26 anos,Não binário,Superior Incompleto,Engenharias,Gama,Gama <-> Gama,5,Semanalmente,"Trabalho, estudo, lazer",Ônibus,Tempo de espera,Sim,Sim,Sim,Sim,Não,Sim,Não,Sim,Não,Não,Sim,Sim,Não,Não,Talvez,5,4,5,3,Não,"Uma sugestão para obter respostas mais consistentes seria alterar algumas perguntas ou adicionar mais opções a ela quando se trata de escolhas abrangentes. Um exemplo: a questão ‘ Você se locomove em razão de:’ te dá 3 opções e não permite marcar todas elas, tendo que recorrer a opção subjetiva, o que pode dificultar a análise ou obter dados que não correspondem à realidade de quem responde. Adicionar uma opção ‘Todas as alternativas’, permitir marcar mais de uma ou alterar a pergunta especificando que quer a mais razão mais frequente resolveria essa questão."
16/06/2023 12:04:24,Concordo.,Entre 15 e 18 anos,Masculino,Superior Incompleto,Engenharias,Riacho Fundo,Riacho <-> Candanga <-> Gama,5,Diariamente,Estudo,Ônibus,Tempo de espera,Sim,Sim,Sim,Sim,Sim,Talvez,Sim,Sim,Talvez,Não,Sim,Sim,Não,Talvez,Talvez,4,3,3,4,Não,
16/06/2023 12:05:42,Concordo.,Entre 23 e 26 anos,Masculino,Superior Incompleto,Engenharias,Águas Claras,Águas Claras <-> Plano Piloto ou Gama,5,Diariamente,Estudo,Ônibus,Horários de transporte,Sim,Sim,Talvez,Não,Sim,Sim,Talvez,Sim,Não,Sim,Sim,Sim,Talvez,Talvez,Sim,4,5,3,3,Não,
16/06/2023 12:06:25,Concordo.,Entre 15 e 18 anos,Feminino,Superior Incompleto,Ciências Sociais Aplicadas,Plano Piloto,Asa sul <-> Asa norte,5,Diariamente,Estudo,Ônibus,Horários de transporte,Não,Sim,Sim,Sim,Sim,Sim,Não,Sim,Não,Sim,Sim,Sim,Sim,Não,Sim,5,4,5,4,Não,
16/06/2023 12:06:37,Concordo.,Entre 15 e 18 anos,Masculino,Superior Incompleto,Engenharias,Ceilândia,Ceilandia  -> Gama; Gama-> Plano -> Ceilandia ,5,Diariamente,Estudo,Ônibus,Tempo de espera,Sim,Não,Sim,Sim,Sim,Sim,Não,Sim,Talvez,Não,Sim,Sim,Não,Não,Talvez,4,4,3,5,Sim,
16/06/2023 12:06:39,Concordo.,Entre 19 e 22 anos,Feminino,Superior Incompleto,Ciências Humanas,Sobradinho,Sobradinho->Plano Piloto,5,Diariamente,Trabalho,Ônibus,Horários de transporte,Não,Sim,Talvez,Sim,Sim,Talvez,Não,Sim,Não,Não,Sim,Sim,Não,Não,Talvez,5,4,4,4,Sim,"O moovit erra os horários, já perdi alguns ônibus por causa disso."
16/06/2023 12:07:41,Concordo.,Entre 19 e 22 anos,Masculino,Superior Incompleto,Engenharias,Santa Maria,Santa Maria -> Gama. Santa Maria -> Plano ,5,Diariamente,Estudo,Ônibus,Tempo de espera,Sim,Sim,Sim,Sim,Sim,Sim,Sim,Sim,Sim,Não,Sim,Não,Não,Não,Sim,3,3,4,3,Não,
16/06/2023 12:07:53,Concordo.,Entre 19 e 22 anos,Masculino,Superior Incompleto,Engenharias,Samambaia,samambaia -> recanto -> gama,5,Diariamente,Estudo,Ônibus,Horários de transporte,Sim,Sim,Sim,Sim,Sim,Sim,Não,Sim,Não,Não,Sim,Sim,Talvez,Não,Talvez,5,4,5,2,Não,"O moovit me ajuda muito na acessibilidade, tenho baixa visão e ter acesso aos horarios dos onibus em tempo real, facilita muito minha locomoção diaria.  "
16/06/2023 12:08:36,Concordo.,Entre 19 e 22 anos,Feminino,Superior Incompleto,Ciências Sociais Aplicadas,Samambaia,"Samambaia -> Plano -> Ceilandia -> SamambaiaE Ceilandia -> Samambaia ",4,Diariamente,Estudo,Ônibus,Horários de transporte,Sim,Sim,Sim,Sim,Sim,Talvez,Sim,Sim,Sim,Não,Sim,Sim,Não,Não,Talvez,2,5,2,5,Não,
16/06/2023 12:09:42,Concordo.,Entre 19 e 22 anos,Feminino,Superior Incompleto,Ciências Sociais Aplicadas,São Sebastião,Plano piloto <-> São Sebastião; São Sebastião <-> Samambaia,4,Diariamente,Trabalho,Ônibus,Horários de transporte,Sim,Sim,Sim,Sim,Sim,Sim,Talvez,Sim,Sim,Sim,Sim,Sim,Não,Talvez,Sim,4,4,3,2,Sim,"O app funciona bem com ônibus, mas é horrível quando e trata de metrô, os horários nunca estão certos, não há tempo real e é uma bagunça."
16/06/2023 12:13:06,Concordo.,Entre 19 e 22 anos,Masculino,Superior Incompleto,Engenharias,Gama,Gama->Plano. Gama >Samambaia.,5,Diariamente,Trabalho,Ônibus,Horários de transporte,Sim,Sim,Sim,Sim,Sim,Sim,Sim,Sim,Sim,Não,Talvez,Sim,Não,Talvez,Sim,4,5,3,3,Não,"Poderia ser mais inteligente, ter opção de saber se o ônibus costuma vir cheio ou vazio."
16/06/2023 12:13:27,Concordo.,Entre 23 e 26 anos,Masculino,Superior Incompleto,Engenharias,Taguatinga,Taguatinga >> Gama >> plano piloto >> Taguatinga ,4,Diariamente,Estudo,Ônibus,Tempo de espera,Sim,Sim,Talvez,Sim,Sim,Talvez,Sim,Sim,Talvez,Não,Sim,Sim,Não,Não,Talvez,3,3,3,1,Não,
16/06/2023 12:13:27,Concordo.,Entre 23 e 26 anos,Feminino,Superior Incompleto,Engenharias,Gama,"Gama -> fga, Gama-> plano piloto, Gama -> Taguatinga ",5,Diariamente,Estudo,,Horários de transporte,Sim,Sim,Talvez,Sim,Não,Não,Sim,Sim,Não,Não,Sim,Sim,Não,Não,Não,5,4,3,3,Sim,
16/06/2023 12:13:34,Concordo.,Entre 19 e 22 anos,Feminino,Superior Incompleto,Engenharias,Gama,,4,Semanalmente,Estudo,Ônibus,Horários de transporte,Sim,Sim,Sim,Sim,Não,Sim,Talvez,Sim,Não,Sim,Sim,Sim,Talvez,Não,Talvez,4,3,3,3,Sim,
16/06/2023 12:15:18,Concordo.,Entre 15 e 18 anos,Feminino,Superior Incompleto,Ciências Sociais Aplicadas,Santa Maria,Brt Santa> Rodoviária> Unb,4,Diariamente,Estudo,Ônibus,Todos,Sim,Sim,Talvez,Sim,Não,Talvez,Talvez,Talvez,Não,Não,Sim,Não,Não,Não,Não,3,3,3,1,Sim,"Moovit é bom, só erra as vezes "
16/06/2023 12:17:52,Concordo.,Entre 19 e 22 anos,Masculino,Superior Incompleto,Engenharias,Cruzeiro,"Cruzeiro -> Asa sul, Asa sul -> Gama, Gama -> Cruzeiro",5,Diariamente,Trabalho,Ônibus,Horários de transporte,Sim,Sim,Sim,Sim,Sim,Sim,Talvez,Sim,Não,Não,Sim,Talvez,Não,Não,Sim,5,4,4,2,Não,
16/06/2023 12:21:12,Concordo.,Entre 19 e 22 anos,Masculino,Superior Incompleto,Engenharias,Não resido no Distrito Federal,Novo Gama <-> Gama,5,Poucas vezes,Estudo,Ônibus,Rotas mais rápidas,Sim,Sim,Sim,Sim,Talvez,Sim,Não,Sim,Não,Não,Talvez,Sim,Não,Não,Talvez,5,3,2,1,Não,
16/06/2023 12:22:38,Concordo.,Entre 19 e 22 anos,Masculino,Superior Incompleto,Engenharias,Não resido no Distrito Federal,Águas lindas ->Ceilândia<-Gama->plano piloto-> Águas lindas,5,Diariamente,Estudo,Ônibus,Tempo de espera,Não,Sim,Sim,Sim,Sim,Sim,Não,Sim,Não,Não,Sim,Sim,Não,Não,Sim,5,4,5,5,Não,
16/06/2023 12:29:27,Concordo.,Entre 19 e 22 anos,Masculino,Superior Incompleto,Engenharias,Recanto das Emas,"Recanto <-> Gama, Recanto <-> Taguatinga ",4,Diariamente,Estudo,Ônibus,Horários de transporte,Sim,Sim,Sim,Sim,Talvez,Sim,Talvez,Sim,Não,Sim,Não,Sim,Sim,Talvez,Talvez,4,2,4,2,Sim,"Melhoria na desing na hora de encontrar a faixa de opções para o horário dos ônibus, seria mais prático uma alanl certa somente com os horários dos ônibus para tal cidade/região que o usuário está indo."
16/06/2023 12:45:46,Concordo.,Entre 19 e 22 anos,Masculino,Superior Incompleto,Ciências Exatas e da Terra,São Sebastião,"Plano piloto, são Sebastião ",5,Diariamente,Estudo,Ônibus,Horários de transporte,Sim,Sim,Talvez,Sim,Sim,Sim,Sim,Não,Sim,Sim,Sim,Sim,Sim,Sim,Sim,5,3,1,3,Sim,
16/06/2023 12:58:12,Concordo.,Entre 19 e 22 anos,Masculino,Superior Incompleto,Ciências Agrárias,Guará,Guará - plano ,4,Semanalmente,Estudo,Ônibus,Tempo de espera,Sim,Sim,Sim,Sim,Não,Talvez,Sim,Não,Sim,Não,Sim,Sim,Não,Não,Não,3,3,3,3,Não,
16/06/2023 12:59:10,Concordo.,Entre 23 e 26 anos,Feminino,Superior Incompleto,Engenharias,Cruzeiro,SIA -> Gama; Gama -> SIA; Sudoeste -> Asa Norte; Sudoeste -> Asa Norte,5,Diariamente,Estudo,Ônibus,Horários de transporte,Sim,Sim,Sim,Sim,Não,Não,Não,Sim,Não,Não,Sim,Não,Não,Não,Sim,5,5,3,3,Sim,
16/06/2023 13:24:17,Concordo.,Entre 19 e 22 anos,Masculino,Superior Incompleto,Engenharias,Samambaia,Samambaia <-> gama; guara<-> samambaia ,4,Semanalmente,Estudo,Ônibus,Tempo de espera,Sim,Sim,Sim,Sim,Talvez,Sim,Talvez,Sim,Não,Não,Sim,Talvez,Não,Talvez,Sim,5,4,3,2,Sim,
16/06/2023 13:25:16,Concordo.,Entre 23 e 26 anos,Feminino,Superior Incompleto,Ciências Sociais Aplicadas,Riacho Fundo II,Riacho Fundo 2 > L2 Sul Norte > Plano Piloto > Riacho Fundo 2,4,Semanalmente,Estudo,Ônibus,Horários de transporte,Não,Sim,Sim,Sim,Sim,Sim,Não,Sim,Talvez,Sim,Talvez,Talvez,Talvez,Não,Sim,5,4,4,4,Sim,
16/06/2023 13:36:17,Concordo.,Entre 19 e 22 anos,Feminino,Superior Incompleto,Ciências Sociais Aplicadas,Samambaia,Samambaia -> Plano Piloto,5,Semanalmente,Estudo,Ônibus,Tempo de espera,Sim,Não,Sim,Sim,Sim,Sim,Sim,Sim,Talvez,Não,Sim,Sim,Talvez,Não,Sim,4,3,4,4,Sim,
16/06/2023 13:46:23,Concordo.,Entre 23 e 26 anos,Feminino,Superior Completo,"Linguística, Letras e Artes",Guará,"Guará <-> Asa Norte, Guará <-> Asa Sul Guará <-> SIG",5,Semanalmente,Estudo,Ônibus,Tempo de espera,Sim,Sim,Talvez,Sim,Não,Não,Sim,Sim,Não,Não,Não,Não,Talvez,Talvez,Talvez,4,2,2,1,Sim,
16/06/2023 13:53:33,Concordo.,Entre 19 e 22 anos,Feminino,Superior Incompleto,Engenharias,Gama,gama -> plano,5,Diariamente,Estudo,Ônibus,Horários de transporte,Não,Sim,Talvez,Sim,Talvez,Não,Sim,Sim,Não,Não,Sim,Talvez,Não,Não,Sim,5,4,4,3,Não,gostaria que melhorasse a precisão dos horários já fiquei uma hora esperando um ônibus que não passou 
16/06/2023 13:54:58,Concordo.,Entre 19 e 22 anos,Feminino,Superior Incompleto,Engenharias,Taguatinga,"Taguatinga -> gama, Taguatinga-> arniqueiras, gama -> plano piloto ",5,Diariamente,Estudo,Ônibus,Tempo de espera,Sim,Sim,Sim,Sim,Sim,Talvez,Não,Sim,Talvez,Não,Sim,Talvez,Talvez,Não,Talvez,4,3,3,3,Sim,
16/06/2023 14:01:56,Concordo.,Entre 19 e 22 anos,Masculino,Superior Incompleto,Engenharias,Samambaia,,5,Diariamente,Estudo,Ônibus,Tempo de espera,Sim,Sim,Sim,Sim,Sim,Sim,Sim,Sim,Não,Não,Sim,Sim,Não,Não,Talvez,4,4,5,3,Sim,
16/06/2023 14:08:03,Concordo.,Entre 23 e 26 anos,Feminino,Superior Incompleto,Engenharias,Gama,Gama <-> Asa Sul,5,Semanalmente,Trabalho,Ônibus,Tempo de espera,Sim,Não,Sim,Sim,Sim,Sim,Não,Sim,Talvez,Não,Sim,Talvez,Talvez,Não,Talvez,5,4,5,4,Não,
16/06/2023 14:33:22,Concordo.,Entre 19 e 22 anos,Feminino,Superior Incompleto,Ciências Sociais Aplicadas,Águas Claras,águas claras -> plano piloto,4,Poucas vezes,Estudo,Ônibus,Horários de transporte,Não,Não,Sim,Sim,Não,Sim,Não,Sim,Não,Sim,Sim,Sim,Não,Não,Sim,5,4,5,2,Não,
16/06/2023 14:39:31,Concordo.,Entre 19 e 22 anos,Masculino,Superior Incompleto,Engenharias,Santa Maria,"Gama -> Catetinho -> Santa Maria, Santa Maria -> Catetinho -> Gama (Transporte BRT)",5,Diariamente,Estudo,Ônibus,Tempo de espera,Não,Sim,Sim,Sim,Não,Não,Sim,Sim,Não,Não,Não,Talvez,Não,Talvez,Sim,3,2,3,1,Não,
16/06/2023 15:03:04,Concordo.,Entre 19 e 22 anos,Masculino,Superior Incompleto,Engenharias,Gama,gama -> faculdade ; gama -> brasília,5,Poucas vezes,Estudo,Ônibus,Tempo de espera,Não,Não,Sim,Sim,Sim,Sim,Sim,Sim,Não,Sim,Sim,Sim,Não,Não,Não,5,5,5,5,Não,
16/06/2023 17:36:56,Concordo.,Entre 19 e 22 anos,Feminino,Superior Incompleto,Engenharias,Gama,"Gama -> Plano Piloto, Plano Piloto -> Gama",5,Diariamente,Estudo,Ônibus,Horários de transporte,Sim,Sim,Sim,Sim,Sim,Sim,Talvez,Sim,Não,Sim,Sim,Sim,Não,Não,Sim,5,3,5,3,Sim,
16/06/2023 20:08:03,Concordo.,Entre 23 e 26 anos,Masculino,Superior Incompleto,Engenharias,Gama,"Gama <-> Plano PilotoGama <-> Taguatinga Gama <-> Ceilândia",4,Diariamente,Lazer,Ônibus,Tempo de espera,Sim,Não,Sim,Sim,Sim,Talvez,Sim,Sim,Não,Não,Sim,Talvez,Não,Não,Não,5,2,4,3,Não,
16/06/2023 21:09:53,Concordo.,Entre 19 e 22 anos,Feminino,Superior Incompleto,Engenharias,Gama,Gama -> plano piloto,5,Semanalmente,Trabalho,Ônibus,Horários de transporte,Não,Não,Sim,Sim,Não,Sim,Sim,Talvez,Não,Sim,Sim,Talvez,Não,Talvez,Não,4,3,4,4,Não,
17/06/2023 08:32:59,Concordo.,Entre 27 e 30 anos,Prefiro não dizer,Superior Incompleto,Engenharias,Riacho Fundo,"Riacho Fundo <-> Gama, Riacho Fundo -> Gama -> Asa Norte -> Riacho Fundo",5,Diariamente,Estudo,Ônibus,Horários de transporte,Sim,Sim,Não,Sim,Não,Sim,Não,Talvez,Sim,Sim,Não,Sim,Não,Sim,Sim,4,4,4,3,Sim,"A rota que utilizo diariamente para me locomover ao Gama não aparece quando eu pesquiso utilizando a localização. Do Riacho Fundo 1 para o Gama, ao utilizar a pesquisa, somente há opções de rotas via Taguatinga e que não utilizam o BRT, meio que utilizo. Queria uma forma de filtrar para um tipo específico de rota, por exemplo utilizando somente BRT ou algumas empresas, ou talvez ter a opção de cadastrar rotas de uso diário para ter certeza que os horários que pesquiso são da rota que eu utilizo."
17/06/2023 16:30:26,Concordo.,Entre 15 e 18 anos,Masculino,Médio Incompleto/Completo,,Guará,Guará <-> Plano Piloto,4,Semanalmente,Estudo,Ônibus,Horários de transporte,Sim,Sim,Talvez,Não,Talvez,Talvez,Sim,Sim,Não,Sim,Sim,Sim,Sim,Não,Sim,3,4,2,2,Sim,
17/06/2023 17:57:51,Concordo.,Mais de 30 anos,Masculino,Superior Completo,Ciências da Saúde,São Sebastião,"SÃO SEBASTIÃO, PLANO PILOTO, TAGUATINGA, UNB, SOBRADINHO, SAMAMBAIA, SANTA MARIA, RECANTO DAS EMAS, GUARÁ, ÁGUAS CLARAS, VALPARAÍSO DE GOIÁS E OUTROS.",2,Diariamente,"TRABALHO E RESOLUÇÃO DE SITUAÇÕES. AMIZADES, MUSEUS, ARTES.",Ônibus,"TEMPOS DE ESPERA, HORÁRIOS DE TRNSPORTE, ROTAS MAIS EFICIENTES, E PARA VERIFICAR SE TEM NOVAS LINHAS DE ÔNIBUS SENDO OFERTADAS E VERIFICAR SE NOS SÁBADOS DOMINGOS E FERIADOS O EMPRESAARIADO RETIRA LINHAS QUE SE LIGAM PARA TORNAR MAIS ACESSÍVEL E BARTATO! CONSTATO QUE RETIRAM LINHAS PARA QUE O USUÁRIO GASTE MAIS PARA SE DESLOCAR USANDO DUAS A 4 LINHAS PARA CHEGAR NA MESMA POSIÇÃO. UM CRIME VERGONHOSO.",Sim,Sim,Talvez,Não,Não,Não,Sim,Talvez,Sim,Não,Talvez,Não,Não,Sim,Não,3,1,1,2,Sim,
18/06/2023 01:29:38,Concordo.,Entre 19 e 22 anos,Masculino,Superior Incompleto,Engenharias,Gama,Minha casa (Gama) > FGA / Gama > Plano piloto,5,Semanalmente,Consulta,Ônibus,Saber trajeto,Sim,Sim,Sim,Sim,Talvez,Sim,Não,Sim,Não,Não,Sim,Não,Não,Não,Sim,5,4,5,3,Não,
19/06/2023 08:18:20,Concordo.,Entre 19 e 22 anos,Masculino,Superior Incompleto,Engenharias,Sobradinho,"Sobradinho -> Plano Piloto -> Gama, Sobradinho -> L2, Sobradinho -> W3, Sobradinho -> Sobradinho II",5,Diariamente,Estudo,Ônibus,Horários de transporte,Não,Sim,Sim,Sim,Não,Sim,Sim,Sim,Não,Não,Sim,Sim,Não,Não,Sim,5,4,5,3,Não,"Uma boa ideia seria apresentar a grade horária sos ônibus exatamente como ela aparece no site, com o horário que ele sai do terminal e implementar uma função que permite o usuário escolher depois os horários com base ma estação mais próxima. Já tive problemas com isso por."